AppID|SteamName|GameFolder|SavePath1|SaveFolder1|ConfigPath1|ConfigFolder1|SavePath2|SaveFolder2|ConfigPath2|ConfigFolder2|SavePath3|SaveFolder3|ConfigPath3|ConfigFolder3
242820|140|140|$STEAMAPPS/140.sav|140|~/.config/unity3d/JeppeCarlsen/140|140|[N/A]|[N/A]|[N/A]|[N/A]|[N/A]|[N/A]|[N/A]|[N/A]
260790|1001 Spikes|1001 Spikes|~/.local/share/1001 spikes|1001 spikes|~/.local/share/1001 spikes|1001 spikes|[N/A]|[N/A]|[N/A]|[N/A]|[N/A]|[N/A]|[N/A]|[N/A]
278360|A Story About My Uncle|A Story About My Uncle|$STEAMAPPS/ASAMU/Saves|Saves|$STEAMAPPS/ASAMU/Config|Config|[N/A]|[N/A]|$STEAMAPPS/Engine/Config|Config|[N/A]|[N/A]|[N/A]|[N/A]
320140|Absolute Drift|Absolute Drift|[UNKNOWN]|[UNKNOWN]|~/.config/unity3d/Funselektor Labs Inc./Absolute Drift|Absolute Drift|[N/A]|[N/A]|[N/A]|[N/A]|[N/A]|[N/A]|[N/A]|[N/A]
285820|Action Henk|Action Henk|~/.config/unity3d/RageSquid/Action Henk|Action Henk|~/.config/unity3d/RageSquid/Action Henk|Action Henk|[N/A]|[N/A]|[N/A]|[N/A]|[N/A]|[N/A]|[N/A]|[N/A]
346900|AdVenture Capitalist|AdVenture Capitalist|[CLOUD-ONLY]|[CLOUD-ONLY]|~/.config/unity3d/Hyper Hippo Productions Ltd./AdCap!|AdCap!|[N/A]|[N/A]|[N/A]|[N/A]|[N/A]|[N/A]|[N/A]|[N/A]
57300|Amnesia: The Dark Descent|Amnesia The Dark Descent|~/.frictionalgames/Amnesia|Amnesia|~/.frictionalgames/Amnesia|Amnesia|[N/A]|[N/A]|[N/A]|[N/A]|[N/A]|[N/A]|[N/A]|[N/A]
18700|And Yet It Moves|And Yet It Moves|~/.Broken Rules/And Yet It Moves|And Yet It Moves|~/.Broken Rules/And Yet It Moves|And Yet It Moves|[N/A]|[N/A]|[N/A]|[N/A]|[N/A]|[N/A]|[N/A]|[N/A]
233550|Another World - 20th Anniversary Edition|Another World|~/.local/share/DotEMU/Another World|AnotherWorld|~/.local/share/DotEMU/Another World|AnotherWorld|$STEAMAPPS/Another World/progression.dat|Another World|[N/A]|[N/A]|[N/A]|[N/A]|[N/A]|[N/A]
219890|Antichamber|Antichamber|~/.local/share/AlexanderBruce/Antichamber|Antichamber|~/.local/share/AlexanderBruce/Antichamber|Antichamber|[N/A]|[N/A]|[N/A]|[N/A]|[N/A]|[N/A]|[N/A]|[N/A]
24420|Aquaria|Aquaria|~/.local/share/Aquaria|Aquaria|~/.local/share/Aquaria/preferences|preferences|[N/A]|[N/A]|[N/A]|[N/A]|[N/A]|[N/A]|[N/A]|[N/A]
235800|Audiosurf 2|Audiosurf 2|[N/A]|[N/A]|~/.config/unity3d/Audiosurf, LLC/Audiosurf 2|Audiosurf 2|[N/A]|[N/A]|[N/A]|[N/A]|[N/A]|[N/A]|[N/A]|[N/A]
238460|BattleBlock Theater|BattleBlock Theater|$STEAMUSER/238460|238460|$STEAMUSER/238460|238460|[N/A]|[N/A]|[N/A]|[N/A]|[N/A]|[N/A]|[N/A]|[N/A]
49600|Beat Hazard|Beat Hazard|~/.local/share/BeatHazard_Linux2|BeatHazard_Linux2|~/.local/share/BeatHazard_Linux2|BeatHazard_Linux2|[N/A]|[N/A]|[N/A]|[N/A]|[N/A]|[N/A]|[N/A]|[N/A]
8870|BioShock Infinite|BioShock Infinite|$STEAMUSER/8870|8870|~/.local/share/irrationalgames/bioshockinfinite/GameDocuments/My Games/BioShock Infinite|BioShock Infinite|[N/A]|[N/A]|[N/A]|[N/A]|[N/A]|[N/A]|[N/A]|[N/A]
239800|Bleed|Bleed|~/.local/share/Bleed/Bleed/AllPlayers|AllPlayers|~/.local/share/Bleed/Bleed/AllPlayers|AllPlayers|[N/A]|[N/A]|[N/A]|[N/A]|[N/A]|[N/A]|[N/A]|[N/A]
111800|Blocks That Matter|Blocks That Matter|~/.BlocksThatMatterUserDatas|.BlocksThatMatterUserDatas|~/.BlocksThatMatterUserDatas|.BlocksThatMatterUserDatas|[N/A]|[N/A]|[N/A]|[N/A]|[N/A]|[N/A]|[N/A]|[N/A]
49520|Borderlands 2|Borderlands 2|~/.local/share/aspyr-media/borderlands 2/willowgame/savedata|savedata|~/.local/share/aspyr-media/borderlands 2/willowgame/config|config|[N/A]|[N/A]|[N/A]|[N/A]|[N/A]|[N/A]|[N/A]|[N/A]
26800|Braid|Braid|~/.Braid|.Braid|~/.Braid|.Braid|[N/A]|[N/A]|[N/A]|[N/A]|[N/A]|[N/A]|[N/A]|[N/A]
225260|Brütal Legend|BrutalLegend|~/.local/share/doublefine/brutallegend/7656*|7656*|~/.local/share/doublefine/brutallegend/7656*|7656*|[N/A]|[N/A]|[N/A]|[N/A]|[N/A]|[N/A]|[N/A]|[N/A]
95300|Capsized|Capsized|~/.local/share/Capsized|Capsized|~/.local/share/Capsized|Capsized|[N/A]|[N/A]|[N/A]|[N/A]|[N/A]|[N/A]|[N/A]|[N/A]
200900|Cave Story+|Cave Story+|~/.local/share/CaveStory+|CaveStory+|~/.local/share/CaveStory+|CaveStory+|[N/A]|[N/A]|[N/A]|[N/A]|[N/A]|[N/A]|[N/A]|[N/A]
251130|Chroma Squad|ChromaSquad|$STEAMAPPS/chromasquad_Data/savedGames|savedGames|~/.config/unity3d/Behold Studios/Chroma Squad|Chroma Squad|[N/A]|[N/A]|[N/A]|[N/A]|[N/A]|[N/A]|[N/A]|[N/A]
390610|Circa Infinity|Circa Infinity|~/.config/CircaInfinity|CircaInfinity|~/.config/CircaInfinity|CircaInfinity|[N/A]|[N/A]|[N/A]|[N/A]|[N/A]|[N/A]|[N/A]|[N/A]
72000|Closure|Closure|~/.local/share/Eyebrow Interactive/Closure|Closure|~/.local/share/Eyebrow Interactive/Closure|Closure|[N/A]|[N/A]|[N/A]|[N/A]|[N/A]|[N/A]|[N/A]|[N/A]
26500|Cogs|Cogs|~/.local/share/Cogs|Cogs|~/.local/share/Cogs|Cogs|$STEAMUSER/26500/remote|remote|[N/A]|[N/A]|[N/A]|[N/A]|[N/A]|[N/A]
10|Counter-Strike|Half-Life|[CLOUD-ONLY]|[CLOUD-ONLY]|$STEAMAPPS/cstrike|cstrike|[N/A]|[N/A]|[N/A]|[N/A]|[N/A]|[N/A]|[N/A]|[N/A]
80|Counter-Strike: Condition Zero|Half-Life|$STEAMAPPS/czero/Save|Save|$STEAMAPPS/czero|czero|[N/A]|[N/A]|[N/A]|[N/A]|[N/A]|[N/A]|[N/A]|[N/A]
730|Counter-Strike: Global Offensive|Counter-Strike Global Offensive|[N/A]|[N/A]|$STEAMAPPS/csgo/cfg|cfg|[N/A]|[N/A]|[N/A]|[N/A]|[N/A]|[N/A]|[N/A]|[N/A]
240|Counter-Strike: Source|Counter-Strike Source|[N/A]|[N/A]|$STEAMAPPS/cstrike/cfg|cfg|[N/A]|[N/A]|[N/A]|[N/A]|[N/A]|[N/A]|[N/A]|[N/A]
247080|Crypt of the NecroDancer|Crypt of the NecroDancer|$STEAMAPPS/data/save_data.xml|data|$STEAMAPPS/data/save_data.xml|data|[N/A]|[N/A]|[N/A]|[N/A]|[N/A]|[N/A]|[N/A]|[N/A]
368650|Dark Echo|Dark Echo|[UNKNOWN]|[UNKNOWN]|~/.config/unity3d/RAC7/Dark Echo|Dark Echo|[N/A]|[N/A]|[N/A]|[N/A]|[N/A]|[N/A]|[N/A]|[N/A]
1500|Darwinia|Darwinia|~/.darwinia|.darwinia|~/.darwinia|.darwinia|[N/A]|[N/A]|[N/A]|[N/A]|[N/A]|[N/A]|[N/A]|[N/A]
30|Day of Defeat|Half-Life|[N/A]|[N/A]|$STEAMAPPS/dod|dod|[N/A]|[N/A]|[N/A]|[N/A]|[N/A]|[N/A]|[N/A]|[N/A]
284460|DeadCore|Deadcore|$STEAMAPPS/7656*|7656*|$STEAMAPPS/7656*|7656*|[N/A]|[N/A]|[N/A]|[N/A]|[N/A]|[N/A]|[N/A]|[N/A]
40|Deathmatch Classic|Half-Life|[N/A]|[N/A]|$STEAMAPPS/dmc|dmc|[N/A]|[N/A]|[N/A]|[N/A]|[N/A]|[N/A]|[N/A]|[N/A]
1520|DEFCON|Defcon|~/.defcon|.defcon|~/.defcon|.defcon|[N/A]|[N/A]|[N/A]|[N/A]|[N/A]|[N/A]|[N/A]|[N/A]
422970|Devil Daggers|devildaggers|~/devildaggers|devildaggers|~/devildaggers|devildaggers|[N/A]|[N/A]|[N/A]|[N/A]|[N/A]|[N/A]|[N/A]|[N/A]
201700|DiRT Showdown|DiRT Showdown|$STEAMUSER/201700|201700|~/.local/share/vpltd/dirt|dirt|[N/A]|[N/A]|[N/A]|[N/A]|[N/A]|[N/A]|[N/A]|[N/A]
233610|Distance|Distance|~/.config/refract/Distance/Profiles|Profiles|~/.config/refract/Distance|Distance|[N/A]|[N/A]|~/.config/unity3d/Refract/Distance|Distance|[N/A]|[N/A]|[N/A]|[N/A]
219740|Don't Starve|dont_starve|~/.klei/DoNotStarve|DoNotStarve|~/.klei/DoNotStarve|DoNotStarve|[N/A]|[N/A]|[N/A]|[N/A]|[N/A]|[N/A]|[N/A]|[N/A]
322330|Don't Starve Together|Don't Starve Together|[N/A]|[N/A]|[UNKNOWN]|[UNKNOWN]|[N/A]|[N/A]|[N/A]|[N/A]|[N/A]|[N/A]|[N/A]|[N/A]
209060|Drunken Robot Pornography|Drunken Robot Pornography|$STEAMAPPS/GameData|GameData|$STEAMAPPS/GameData|GameData|[N/A]|[N/A]|[N/A]|[N/A]|[N/A]|[N/A]|[N/A]|[N/A]
383230|Dungeon Souls|Dungeon Souls|~/.config/DungeonSouls|DungeonSouls|~/.config/DungeonSouls|DungeonSouls|[N/A]|[N/A]|[N/A]|[N/A]|[N/A]|[N/A]|[N/A]|[N/A]
262280|Dungeons 2|Dungeons2|$STEAMAPPS/savegames|savegames|~/.config/Kalypso Media/Dungeons 2|Dungeons 2|[N/A]|[N/A]|~/.config/unity3d/Realmforge Studios GmbH/Dungeons 2|Dungeons 2|[N/A]|[N/A]|[N/A]|[N/A]
236090|Dust: An Elysian Tail|Dust An Elysian Tail|~/.local/share/DustAET|DustAET|~/.local/share/DustAET|DustAET|[N/A]|[N/A]|[N/A]|[N/A]|[N/A]|[N/A]|[N/A]|[N/A]
1900|Earth 2160|Earth 2160|[UNKNOWN]|[UNKNOWN]|[UNKNOWN]|[UNKNOWN]|[N/A]|[N/A]|[N/A]|[N/A]|[N/A]|[N/A]|[N/A]|[N/A]
10500|Empire: Total War™|Empire Total War|~/.local/share/feral-interactive/Empire/AppData/save_games|save_games|~/.local/share/feral-interactive/Empire/AppData|AppData|[N/A]|[N/A]|[N/A]|[N/A]|[N/A]|[N/A]|[N/A]|[N/A]
17740|Empires Mod|Empires|[CLOUD-ONLY]|[CLOUD-ONLY]|$STEAMAPPS/empires/cfg|cfg|[N/A]|[N/A]|[N/A]|[N/A]|[N/A]|[N/A]|[N/A]|[N/A]
25600|Eschalon: Book I|Eschalon Book I|~/.eschalon_b1_saved_games|.eschalon_b1_saved_games|[UNKNOWN]|[UNKNOWN]|[N/A]|[N/A]|[N/A]|[N/A]|[N/A]|[N/A]|[N/A]|[N/A]
265630|Fistful of Frags|Fistful of Frags|[N/A]|[N/A]|$STEAMAPPS/fof/cfg|cfg|[N/A]|[N/A]|[N/A]|[N/A]|[N/A]|[N/A]|[N/A]|[N/A]
302380|Floating Point|Floating Point|[N/A]|[N/A]|$STEAMAPPS/Tweaks.txt|Floating Point|[N/A]|[N/A]|[N/A]|[N/A]|[N/A]|[N/A]|[N/A]|[N/A]
248310|Freedom Planet|Freedom Planet|$STEAMUSER/248310|248310|$STEAMUSER/248310|248310|[N/A]|[N/A]|[N/A]|[N/A]|[N/A]|[N/A]|[N/A]|[N/A]
212680|FTL: Faster Than Light|FTL Faster Than Light|~/.local/share/FasterThanLight|FasterThanLight|~/.local/share/FasterThanLight/settings.ini|FasterThanLight|[N/A]|[N/A]|[N/A]|[N/A]|[N/A]|[N/A]|[N/A]|[N/A]
4000|Garry's Mod|GarrysMod|$STEAMAPPS/garrysmod/saves|saves|$STEAMAPPS/garrysmod/cfg|cfg|[N/A]|[N/A]|[N/A]|[N/A]|[N/A]|[N/A]|[N/A]|[N/A]
437570|GoNNER|GoNNER|[UNKNOWN]|[UNKNOWN]|~/.config/unity3d/Art in Heart/GoNNER|GoNNER|[N/A]|[N/A]|[N/A]|[N/A]|[N/A]|[N/A]|[N/A]|[N/A]
323320|Grow Home|GrowHome|$STEAMUSER/323320|323320|~/.config/unity3d/Reflections/Grow Home|Grow Home|[N/A]|[N/A]|[N/A]|[N/A]|[N/A]|[N/A]|[N/A]|[N/A]
206190|Gunpoint|Gunpoint|~/.local/share/gunpoint/savegames|savegames|~/.local/share/gunpoint/Settings|Settings|[N/A]|[N/A]|[N/A]|[N/A]|[N/A]|[N/A]|[N/A]|[N/A]
70|Half-Life|Half-Life|$STEAMAPPS/valve/SAVE|SAVE|$STEAMAPPS/valve|valve|[N/A]|[N/A]|[N/A]|[N/A]|[N/A]|[N/A]|[N/A]|[N/A]
220|Half-Life 2|Half-Life 2|$STEAMAPPS/hl2/save|save|$STEAMAPPS/hl2/cfg|cfg|[N/A]|[N/A]|[N/A]|[N/A]|[N/A]|[N/A]|[N/A]|[N/A]
320|Half-Life 2: Deathmatch|Half-Life 2 Deathmatch|[N/A]|[N/A]|[UNKNOWN]|[UNKNOWN]|[N/A]|[N/A]|[N/A]|[N/A]|[N/A]|[N/A]|[N/A]|[N/A]
380|Half-Life 2: Episode One|Half-Life 2|$STEAMAPPS/episodic/save|save|$STEAMAPPS/episodic/cfg|cfg|[N/A]|[N/A]|[N/A]|[N/A]|[N/A]|[N/A]|[N/A]|[N/A]
420|Half-Life 2: Episode Two|Half-Life 2|$STEAMAPPS/ep2/save|save|$STEAMAPPS/ep2/cfg|cfg|[N/A]|[N/A]|[N/A]|[N/A]|[N/A]|[N/A]|[N/A]|[N/A]
340|Half-Life 2: Lost Coast|Half-Life 2|$STEAMAPPS/lostcoast/save|save|$STEAMAPPS/lostcoast/cfg|cfg|[N/A]|[N/A]|[N/A]|[N/A]|[N/A]|[N/A]|[N/A]|[N/A]
360|Half-Life Deathmatch: Source|Half-Life 1 Source Deathmatch|[N/A]|[N/A]|[UNKNOWN]|[UNKNOWN]|[N/A]|[N/A]|[N/A]|[N/A]|[N/A]|[N/A]|[N/A]|[N/A]
130|Half-Life: Blue Shift|Half-Life|$STEAMAPPS/bshift/SAVE|SAVE|$STEAMAPPS/bshift|bshift|[N/A]|[N/A]|[N/A]|[N/A]|[N/A]|[N/A]|[N/A]|[N/A]
50|Half-Life: Opposing Force|Half-Life|$STEAMAPPS/gearbox/SAVE|SAVE|$STEAMAPPS/gearbox|gearbox|[N/A]|[N/A]|[N/A]|[N/A]|[N/A]|[N/A]|[N/A]|[N/A]
280|Half-Life: Source|Half-Life 2|$STEAMAPPS/hl1/save|save|$STEAMAPPS/hl1/cfg|cfg|[N/A]|[N/A]|[N/A]|[N/A]|[N/A]|[N/A]|[N/A]|[N/A]
15400|Harvest: Massive Encounter|Harvest Massive Encounter|[UNKNOWN]|[UNKNOWN]|[UNKNOWN]|[UNKNOWN]|[N/A]|[N/A]|[N/A]|[N/A]|[N/A]|[N/A]|[N/A]|[N/A]
297120|Heavy Bullets|Heavy Bullets|~/.config/unity3d/TerriVellmann/HEAVY BULLETS|HEAVY BULLETS|~/.config/unity3d/TerriVellmann/HEAVY BULLETS|HEAVY BULLETS|[N/A]|[N/A]|[N/A]|[N/A]|[N/A]|[N/A]|[N/A]|[N/A]
269210|Hero Siege|HeroSiege|~/.config/Hero_Siege|Hero_Siege|~/.config/Hero_Siege|Hero_Siege|[N/A]|[N/A]|[N/A]|[N/A]|[N/A]|[N/A]|[N/A]|[N/A]
236870|HITMAN™|HITMAN™|[CLOUD-ONLY]|[CLOUD-ONLY]|~/.local/share/feral-interactive/HITMAN|HITMAN|[N/A]|[N/A]|[N/A]|[N/A]|[N/A]|[N/A]|[N/A]|[N/A]
219150|Hotline Miami|hotline_miami|~/.local/share/HotlineMiami|HotlineMiami|~/.local/share/HotlineMiami|HotlineMiami|[N/A]|[N/A]|[N/A]|[N/A]|[N/A]|[N/A]|[N/A]|[N/A]
274170|Hotline Miami 2: Wrong Number|Hotline Miami 2|~/.local/share/HotlineMiami2|HotlineMiami2|~/.local/share/HotlineMiami2|HotlineMiami2|[N/A]|[N/A]|[N/A]|[N/A]|[N/A]|[N/A]|[N/A]|[N/A]
375820|Human Resource Machine|Human Resource Machine|~/.local/share/Tomorrow Corporation/Human Resource Machine|Human Resource Machine|~/.local/share/Tomorrow Corporation/Human Resource Machine|Human Resource Machine|[N/A]|[N/A]|[N/A]|[N/A]|[N/A]|[N/A]|[N/A]|[N/A]
207080|Indie Game: The Movie|Indie Game The Movie|[N/A]|[N/A]|[N/A]|[N/A]|[N/A]|[N/A]|[N/A]|[N/A]|[N/A]|[N/A]|[N/A]|[N/A]
385710|INK|INK|~/.config/INK/DontModifyThis.ini|INK|[UNKNOWN]|[UNKNOWN]|[N/A]|[N/A]|[N/A]|[N/A]|[N/A]|[N/A]|[N/A]|[N/A]
205730|Insanely Twisted Shadow Planet|Insanely Twisted Shadow Planet|~/.local/share/Fuelcell/Insanely Twisted Shadow Planet|Insanely Twisted Shadow Planet|~/.local/share/Fuelcell/Insanely Twisted Shadow Planet|Insanely Twisted Shadow Planet|[N/A]|[N/A]|[N/A]|[N/A]|[N/A]|[N/A]|[N/A]|[N/A]
250260|Jazzpunk: Director's Cut|Jazzpunk|~/.config/unity3d/Necrophone Games/Jazzpunk|Jazzpunk|~/.config/unity3d/Necrophone Games/Jazzpunk|Jazzpunk|[N/A]|[N/A]|[N/A]|[N/A]|[N/A]|[N/A]|[N/A]|[N/A]
323580|Jotun|Jotun|~/.config/unity3d/Thunder Lotus Games/Jotun|Jotun|~/.config/unity3d/Thunder Lotus Games/Jotun|Jotun|[N/A]|[N/A]|[N/A]|[N/A]|[N/A]|[N/A]|[N/A]|[N/A]
1250|Killing Floor|KillingFloor|[CLOUD-ONLY]|[CLOUD-ONLY]|~/.killingfloor|.killingfloor|[N/A]|[N/A]|[N/A]|[N/A]|[N/A]|[N/A]|[N/A]|[N/A]
231740|Knights of Pen and Paper +1|Knights of Pen and Paper|$STEAMAPPS/knightspp_Data/data.kopp|knightspp_Data|$STEAMAPPS/knightspp_Data/data.kopp|knightspp_Data|[N/A]|[N/A]|[N/A]|[N/A]|[N/A]|[N/A]|[N/A]|[N/A]
268360|Krautscape|Krautscape|~/.config/unity3d/Playables/Krautscape|Krautscape|~/.config/unity3d/Playables/Krautscape|Krautscape|[N/A]|[N/A]|[N/A]|[N/A]|[N/A]|[N/A]|[N/A]|[N/A]
550|Left 4 Dead 2|Left 4 Dead 2|[N/A]|[N/A]|$STEAMAPPS/left4dead2/cfg|cfg|[N/A]|[N/A]|[N/A]|[N/A]|[N/A]|[N/A]|[N/A]|[N/A]
48000|LIMBO|Limbo|~/.local/share/PlayDead/Limbo|Limbo|~/.local/share/PlayDead/Limbo|Limbo|[N/A]|[N/A]|[N/A]|[N/A]|[N/A]|[N/A]|[N/A]|[N/A]
221260|Little Inferno|Little Inferno|~/.local/share/littleinferno|littleinferno|~/.local/share/littleinferno|littleinferno|[N/A]|[N/A]|[N/A]|[N/A]|[N/A]|[N/A]|[N/A]|[N/A]
233150|LUFTRAUSERS|Luftrausers|~/.LUFTRAUSERS|.LUFTRAUSERS|~/.LUFTRAUSERS|.LUFTRAUSERS|[N/A]|[N/A]|[N/A]|[N/A]|[N/A]|[N/A]|[N/A]|[N/A]
266010|LYNE|LYNE|~/.config/unity3d/Thomas Bowker/LYNE|LYNE|~/.config/unity3d/Thomas Bowker/LYNE|LYNE|[N/A]|[N/A]|[N/A]|[N/A]|[N/A]|[N/A]|[N/A]|[N/A]
268750|Magicite|Magicite|~/.config/unity3d/SmashGames/Magicite/prefs|prefs|~/.config/unity3d/SmashGames/Magicite|Magicite|[N/A]|[N/A]|[N/A]|[N/A]|[N/A]|[N/A]|[N/A]|[N/A]
4700|Medieval II: Total War™|Medieval 2 Total War|~/.local/share/feral-interactive/Medieval II Total War|Medieval II Total War|~/.local/share/feral-interactive/Medieval II Total War|Medieval II Total War|[N/A]|[N/A]|[N/A]|[N/A]|[N/A]|[N/A]|[N/A]|[N/A]
243160|Mushroom 11|Mushroom 11|~/.config/unity3d/Untame/Mushroom 11/prefs|prefs|~/.config/unity3d/Untame/Mushroom 11|Mushroom 11|[N/A]|[N/A]|[N/A]|[N/A]|[N/A]|[N/A]|[N/A]|[N/A]
368730|No Time To Explain Remastered|No Time To Explain Remastered|$STEAMUSER/368730|368730|~/.config/unity3d/tinyBuild GAMES/No Time To Explain|No Time To Explain|[N/A]|[N/A]|[N/A]|[N/A]|[N/A]|[N/A]|[N/A]|[N/A]
274270|NOT A HERO|Not a Hero|$STEAMAPPS/Bin|Bin|$STEAMAPPS/Bin|Bin|[N/A]|[N/A]|[N/A]|[N/A]|[N/A]|[N/A]|[N/A]|[N/A]
314660|Oddworld: New 'n' Tasty|Oddworld New n Tasty|$STEAMAPPS/SaveGame|SaveGame|$STEAMAPPS/Settings|Settings|[N/A]|[N/A]|[N/A]|[N/A]|[N/A]|[N/A]|[N/A]|[N/A]
512250|Oh...Sir! The Insult Simulator|Oh...Sir! The Insult Simulator|~/.local/share/OhSir|OhSir|~/.config/unity3d/Vile Monarch/Oh...Sir! The Insult Simulator|Oh...Sir! The Insult Simulator|[N/A]|[N/A]|[N/A]|[N/A]|[N/A]|[N/A]|[N/A]|[N/A]
415030|One More Dungeon|OneMoreDungeon|~/.config/unity3d/StatelySnail/OneMoreDungeon|OneMoreDungeon|~/.config/unity3d/StatelySnail/OneMoreDungeon/prefs|prefs|[N/A]|[N/A]|[N/A]|[N/A]|[N/A]|[N/A]|[N/A]|[N/A]
298520|Orbital Gear|Orbital Gear|[N/A]|[N/A]|$STEAMAPPS/options.ini|Orbital Gear|[N/A]|[N/A]|[N/A]|[N/A]|[N/A]|[N/A]|[N/A]|[N/A]
305050|Outland|Outland|~/.local/share/Housemarque/Outland|Outland|~/.local/share/Housemarque/Outland|Outland|[N/A]|[N/A]|[N/A]|[N/A]|[N/A]|[N/A]|[N/A]|[N/A]
12810|Overlord II|Overlord II|~/.local/share/vpltd/Overlord2|Overlord2|~/.local/share/vpltd/Overlord2|Overlord2|[N/A]|[N/A]|[N/A]|[N/A]|[N/A]|[N/A]|[N/A]|[N/A]
455400|PAC-MAN 256|PAC-MAN 256|~/.config/unity3d/Hipster Sprockets/PAC-MAN256|PAC-MAN256|~/.config/unity3d/Hipster Sprockets/PAC-MAN256|PAC-MAN256|[N/A]|[N/A]|[N/A]|[N/A]|[N/A]|[N/A]|[N/A]|[N/A]
239030|Papers, Please|PapersPlease|~/.local/share/3909/PapersPlease|PapersPlease|~/.local/share/3909/PapersPlease|PapersPlease|[N/A]|[N/A]|[N/A]|[N/A]|[N/A]|[N/A]|[N/A]|[N/A]
250580|Paranautical Activity: Deluxe Atonement Edition|ParanauticalActivity|~/.config/unity3d/Code Avarice|Code Avarice|~/.config/unity3d/Code Avarice/Paranautical Activity|Paranautical Activity|[N/A]|[N/A]|[N/A]|[N/A]|[N/A]|[N/A]|[N/A]|[N/A]
218620|PAYDAY 2|PAYDAY 2|$STEAMUSER/218620|218620|~/.local/share/Starbreeze/Payday2/renderer_settings.xml|Payday2|[N/A]|[N/A]|[N/A]|[N/A]|[N/A]|[N/A]|[N/A]|[N/A]
22180|Penumbra Overture|Penumbra Overture|~/.frictionalgames/Penumbra/Overture|Overture|~/.frictionalgames/Penumbra/Overture|Overture|[N/A]|[N/A]|[N/A]|[N/A]|[N/A]|[N/A]|[N/A]|[N/A]
22120|Penumbra: Black Plague Gold Edition|Penumbra Black Plague|~/.frictionalgames/Penumbra/Black Plague|Black Plague|~/.frictionalgames/Penumbra/Black Plague|Black Plague|~/.frictionalgames/Penumbra/Requiem|Requiem|~/.frictionalgames/Penumbra/Requiem|Requiem|[N/A]|[N/A]|[N/A]|[N/A]
264140|Pixel Piracy|Pixel Piracy|~/.config/PixelPiracy|PixelPiracy|~/.config/unity3d/VITALI KIRPU & QUADRO DELTA/Pixel Piracy|Pixel Piracy|[N/A]|[N/A]|[N/A]|[N/A]|[N/A]|[N/A]|[N/A]|[N/A]
246620|Plague Inc: Evolved|PlagueInc|~/.local/share/Steam/ACTiVATED/246620/stats.ini|246620|~/.config/unity3d/Ndemic Creations/Plague Inc: Evolved/prefs|prefs|[N/A]|[N/A]|[N/A]|[N/A]|[N/A]|[N/A]|[N/A]|[N/A]
354240|Please, Don't Touch Anything|Please, Don't Touch Anything|$STEAMAPPS/assets/savedata.ini|assets|$STEAMAPPS/assets/options.ini|assets|[N/A]|[N/A]|[N/A]|[N/A]|[N/A]|[N/A]|[N/A]|[N/A]
405640|Pony Island|Pony Island|~/.config/unity3d/Daniel Mullins Games/Pony Island|Pony Island|~/.config/unity3d/Daniel Mullins Games/Pony Island|Pony Island|[N/A]|[N/A]|[N/A]|[N/A]|[N/A]|[N/A]|[N/A]|[N/A]
400|Portal|Portal|$STEAMAPPS/portal/save|save|$STEAMAPPS/portal/cfg|cfg|[N/A]|[N/A]|[N/A]|[N/A]|[N/A]|[N/A]|[N/A]|[N/A]
620|Portal 2|Portal 2|$STEAMAPPS/portal2/SAVE|SAVE|$STEAMAPPS/portal2/cfg|cfg|[N/A]|[N/A]|$STEAMAPPS/update/cfg|cfg|[N/A]|[N/A]|[N/A]|[N/A]
3830|Psychonauts|Psychonauts|~/.local/share/Psychonauts/Profiles|Profiles|~/.local/share/Psychonauts|Psychonauts|[N/A]|[N/A]|[N/A]|[N/A]|[N/A]|[N/A]|[N/A]|[N/A]
253030|Race The Sun|RaceTheSun|~/.config/unity3d/Flippfly/RaceTheSun|RaceTheSun|~/.config/unity3d/Flippfly/RaceTheSun|RaceTheSun|[N/A]|[N/A]|[N/A]|[N/A]|[N/A]|[N/A]|[N/A]|[N/A]
1200|Red Orchestra: Ostfront 41-45|Red Orchestra|~/.redorchestra|.redorchestra|~/.redorchestra|.redorchestra|[N/A]|[N/A]|[N/A]|[N/A]|[N/A]|[N/A]|[N/A]|[N/A]
474750|Reigns|Reigns|~/.config/unity3d/devolver/Reigns|Reigns|~/.config/unity3d/devolver/Reigns|Reigns|[N/A]|[N/A]|[N/A]|[N/A]|[N/A]|[N/A]|[N/A]|[N/A]
204630|Retro City Rampage™ DX|Retro City Rampage|[UNKNOWN]|[UNKNOWN]|[UNKNOWN]|[UNKNOWN]|[N/A]|[N/A]|[N/A]|[N/A]|[N/A]|[N/A]|[N/A]|[N/A]
288020|Rex Rocket|Rex Rocket|~/.local/share/Rex Rocket|Rex Rocket|~/.local/share/Rex Rocket|Rex Rocket|[N/A]|[N/A]|[N/A]|[N/A]|[N/A]|[N/A]|[N/A]|[N/A]
60|Ricochet|Half-Life|[N/A]|[N/A]|$STEAMAPPS/ricochet|ricochet|[N/A]|[N/A]|[N/A]|[N/A]|[N/A]|[N/A]|[N/A]|[N/A]
248820|Risk of Rain|Risk of Rain|~/.config/Risk_of_Rain|Risk_of_Rain|~/.config/Risk_of_Rain|Risk_of_Rain|[N/A]|[N/A]|[N/A]|[N/A]|[N/A]|[N/A]|[N/A]|[N/A]
270450|Robot Roller-Derby Disco Dodgeball|Disco Dodgeball|[N/A]|[N/A]|~/.config/unity3d/82 Apps/Disco Dodgeball|Disco Dodgeball|[N/A]|[N/A]|[N/A]|[N/A]|[N/A]|[N/A]|[N/A]|[N/A]
241600|Rogue Legacy|Rogue Legacy|~/.local/share/RogueLegacy|RogueLegacy|~/.config/RogueLegacy|RogueLegacy|[N/A]|[N/A]|[N/A]|[N/A]|[N/A]|[N/A]|[N/A]|[N/A]
9480|Saints Row 2|Saints Row 2|~/.local/share/volition/saintsrow2/AppData/Saints Row 2|Saints Row 2|~/.local/share/volition/saintsrow2/AppData/Saints Row 2|Saints Row 2|[N/A]|[N/A]|[N/A]|[N/A]|[N/A]|[N/A]|[N/A]|[N/A]
206420|Saints Row IV|Saints Row IV|$STEAMUSER/206420|206420|~/.local/share/vpltd/SaintsRow4|SaintsRow4|[N/A]|[N/A]|$STEAMAPPS/display.ini|Saints Row IV|[N/A]|[N/A]|[N/A]|[N/A]
301910|Saints Row: Gat out of Hell|Saints Row Gat out of Hell|$STEAMUSER/301910|301910|~/.local/share/vpltd/SaintsRow4GooH|SaintsRow4GooH|[N/A]|[N/A]|$STEAMAPPS/display.ini|Saints Row Gat out of Hell|[N/A]|[N/A]|[N/A]|[N/A]
55230|Saints Row: The Third|Saints Row the Third|$STEAMUSER/55230|55230|~/.local/share/vpltd/SaintsRow3|SaintsRow3|[N/A]|[N/A]|$STEAMAPPS/display.ini|Saints Row the Third|[N/A]|[N/A]|[N/A]|[N/A]
210770|Sanctum 2|Sanctum2|~/.local/share/Sanctum2|Sanctum2|$STEAMAPPS/SanctumGame/Config|Config|$STEAMUSER/210770|210770|[N/A]|[N/A]|[N/A]|[N/A]|[N/A]|[N/A]
259530|Savant - Ascent|SavantAscent|~/.config/Savant_Ascent|Savant_Ascent|~/.config/Savant_Ascent|Savant_Ascent|[N/A]|[N/A]|[N/A]|[N/A]|[N/A]|[N/A]|[N/A]|[N/A]
337700|SCS deORBIT|deORBIT|[UNKNOWN]|[UNKNOWN]|[UNKNOWN]|[UNKNOWN]|[N/A]|[N/A]|[N/A]|[N/A]|[N/A]|[N/A]|[N/A]|[N/A]
233130|Shadow Warrior|Shadow Warrior|~/.local/share/Flying Wild Hog/Shadow Warrior|Shadow Warrior|~/.local/share/Flying Wild Hog/Shadow Warrior|Shadow Warrior|[N/A]|[N/A]|[N/A]|[N/A]|[N/A]|[N/A]|[N/A]|[N/A]
6120|Shank|Shank|~/.local/share/Shank|Shank|~/.local/share/Shank|Shank|[N/A]|[N/A]|[N/A]|[N/A]|[N/A]|[N/A]|[N/A]|[N/A]
326460|ShellShock Live|ShellShock Live|[N/A]|[N/A]|~/.config/unity3d/Kyle Champ/ShellShock Live|ShellShock Live|[N/A]|[N/A]|[N/A]|[N/A]|[N/A]|[N/A]|[N/A]|[N/A]
278460|Skyborn|Skyborn|~/.local/share/dancingdragon/skyborn|skyborn|$STEAMAPPS/Skyborn/mkxp.conf|Skyborn|[N/A]|[N/A]|[N/A]|[N/A]|[N/A]|[N/A]|[N/A]|[N/A]
18300|Spectraball|Spectraball|~/.config/unity3d/Shorebound Studios/Spectraball|Spectraball|~/.config/unity3d/Shorebound Studios/Spectraball|Spectraball|[N/A]|[N/A]|[N/A]|[N/A]|[N/A]|[N/A]|[N/A]|[N/A]
332360|Spriter Pro|Spriter|[N/A]|[N/A]|[UNKNOWN]|[UNKNOWN]|[N/A]|[N/A]|[N/A]|[N/A]|[N/A]|[N/A]|[N/A]|[N/A]
211820|Starbound|Starbound|$STEAMAPPS/storage|storage|$STEAMAPPS/storage|storage|[N/A]|[N/A]|[N/A]|[N/A]|[N/A]|[N/A]|[N/A]|[N/A]
209190|Stealth Bastard Deluxe|StealthBastardDeluxe|~/.config/StealthBastard|StealthBastard|~/.config/StealthBastard|StealthBastard|[N/A]|[N/A]|[N/A]|[N/A]|[N/A]|[N/A]|[N/A]|[N/A]
252410|SteamWorld Dig|SteamWorld Dig|~/.local/share/SteamWorldDig|SteamWorldDig|~/.local/share/SteamWorldDig|SteamWorldDig|[N/A]|[N/A]|[N/A]|[N/A]|[N/A]|[N/A]|[N/A]|[N/A]
212800|Super Crate Box|supercratebox|~/.config/SuperCrateBox_YoYo|SuperCrateBox_YoYo|$STEAMAPPS/assets/options.ini|assets|[N/A]|[N/A]|[N/A]|[N/A]|[N/A]|[N/A]|[N/A]|[N/A]
40800|Super Meat Boy|Super Meat Boy|~/.local/share/SuperMeatBoy|SuperMeatBoy|~/.local/share/SuperMeatBoy|SuperMeatBoy|[N/A]|[N/A]|[N/A]|[N/A]|[N/A]|[N/A]|[N/A]|[N/A]
310700|Super Win The Game|Super Win the Game|~/.local/share/Minor Key Games/Super Win the Game/Saves|Saves|~/.local/share/Minor Key Games/Super Win the Game/Config|Config|[N/A]|[N/A]|[N/A]|[N/A]|[N/A]|[N/A]|[N/A]|[N/A]
490230|SWARMRIDERS|SWARMRIDERS|~/.config/SWARMRIDERS|SWARMRIDERS|~/.config/SWARMRIDERS|SWARMRIDERS|[N/A]|[N/A]|[N/A]|[N/A]|[N/A]|[N/A]|[N/A]|[N/A]
238210|System Shock 2|SS2|$STEAMAPPS/support/systemshock2/drive_c/Program Files/SystemShock2/save_*|save_*|~/.systemshock2/systemshock2/drive_c/Program Files/SystemShock2/*.cfg|SystemShock2|[N/A]|[N/A]|[N/A]|[N/A]|[N/A]|[N/A]|[N/A]|[N/A]
440|Team Fortress 2|Team Fortress 2|[N/A]|[N/A]|$STEAMAPPS/tf/cfg|cfg|[N/A]|[N/A]|[N/A]|[N/A]|[N/A]|[N/A]|[N/A]|[N/A]
20|Team Fortress Classic|Half-Life|[N/A]|[N/A]|$STEAMAPPS/Half-Life/tfc|tfc|[N/A]|[N/A]|[N/A]|[N/A]|[N/A]|[N/A]|[N/A]|[N/A]
380840|Teeworlds|Teeworlds|~/.teeworlds|.teeworlds|~/.teeworlds|.teeworlds|[N/A]|[N/A]|[N/A]|[N/A]|[N/A]|[N/A]|[N/A]|[N/A]
105600|Terraria|Terraria|~/.local/share/Terraria|Terraria|~/.local/share/Terraria|Terraria|[N/A]|[N/A]|[N/A]|[N/A]|[N/A]|[N/A]|[N/A]|[N/A]
235980|Tetrobot and Co.|Tetrobot and Co|~/.config/unity3d/Swing Swing Submarine/Tetrobot and Co|Tetrobot and Co|~/.config/unity3d/Swing Swing Submarine/Tetrobot and Co|Tetrobot and Co|[N/A]|[N/A]|[N/A]|[N/A]|[N/A]|[N/A]|[N/A]|[N/A]
250900|The Binding of Isaac: Rebirth|The Binding of Isaac Rebirth|~/.local/share/binding of isaac rebirth|binding of isaac rebirth|~/.local/share/binding of isaac rebirth|binding of isaac rebirth|[N/A]|[N/A]|[N/A]|[N/A]|[N/A]|[N/A]|[N/A]|[N/A]
221810|The Cave|TheCave|~/.local/share/doublefine/thecave|thecave|~/.local/share/doublefine/thecave|thecave|[N/A]|[N/A]|[N/A]|[N/A]|[N/A]|[N/A]|[N/A]|[N/A]
221910|The Stanley Parable|The Stanley Parable|$STEAMAPPS/thestanleyparable/save|save|$STEAMUSER/221910|221910|[N/A]|[N/A]|[N/A]|[N/A]|[N/A]|[N/A]|[N/A]|[N/A]
211260|They Bleed Pixels|they bleed pixels|~/.local/share/TheyBleedPixels|TheyBleedPixels|~/.config/TheyBleedPixels|TheyBleedPixels|[N/A]|[N/A]|[N/A]|[N/A]|[N/A]|[N/A]|[N/A]|[N/A]
220780|Thomas Was Alone|thomaswasalone|~/.config/unity3d/Mike Bithell/Thomas Was Alone|Thomas Was Alone|~/.config/unity3d/Mike Bithell/Thomas Was Alone|Thomas Was Alone|[N/A]|[N/A]|[N/A]|[N/A]|[N/A]|[N/A]|[N/A]|[N/A]
546090|Trip to Vinelands|Trip to Vinelands|~/.config/Trip_to_Vinelands|Trip_to_Vinelands|~/.config/Trip_to_Vinelands|Trip_to_Vinelands|[N/A]|[N/A]|[N/A]|[N/A]|[N/A]|[N/A]|[N/A]|[N/A]
1930|Two Worlds Epic Edition|Two Worlds - Epic Edition|[UNKNOWN]|[UNKNOWN]|[UNKNOWN]|[UNKNOWN]|[N/A]|[N/A]|[N/A]|[N/A]|[N/A]|[N/A]|[N/A]|[N/A]
357070|UBERMOSH|UBERMOSH|~/.config/UBERMOSH|UBERMOSH|~/.config/UBERMOSH|UBERMOSH|[N/A]|[N/A]|[N/A]|[N/A]|[N/A]|[N/A]|[N/A]|[N/A]
515570|UBERMOSH Vol. 3|UBERMOSH Vol.3|~/.config/UBERMOSH_vol3|UBERMOSH_vol3|~/.config/UBERMOSH_vol3|UBERMOSH_vol3|[N/A]|[N/A]|[N/A]|[N/A]|[N/A]|[N/A]|[N/A]|[N/A]
444940|UBERMOSH: BLACK|UBERMOSHBLACK|~/.config/UBERMOSH_BLACK|UBERMOSH_BLACK|~/.config/UBERMOSH_BLACK|UBERMOSH_BLACK|[N/A]|[N/A]|[N/A]|[N/A]|[N/A]|[N/A]|[N/A]|[N/A]
233980|Unepic|Unepic|~/.local/share/Unepic/unepic|unepic|$STEAMUSER/233980|233980|[N/A]|[N/A]|[N/A]|[N/A]|[N/A]|[N/A]|[N/A]|[N/A]
408030|UniBall|UniBall|[N/A]|[N/A]|$STEAMAPPS/client.settings|UniBall|[N/A]|[N/A]|[N/A]|[N/A]|[N/A]|[N/A]|[N/A]|[N/A]
304930|Unturned|Unturned|[N/A]|[N/A]|~/.config/unity3d/Smartly Dressed Games/Unturned|Unturned|[N/A]|[N/A]|[N/A]|[N/A]|[N/A]|[N/A]|[N/A]|[N/A]
1510|Uplink|Uplink|~/.uplink|.uplink|~/.uplink|.uplink|[N/A]|[N/A]|[N/A]|[N/A]|[N/A]|[N/A]|[N/A]|[N/A]
70300|VVVVVV|VVVVVV|~/.local/share/VVVVVV|VVVVVV|~/.local/share/VVVVVV|VVVVVV|[N/A]|[N/A]|[N/A]|[N/A]|[N/A]|[N/A]|[N/A]|[N/A]
215080|WAKFU|Wakfu|[CLOUD-ONLY]|[CLOUD-ONLY]|[CLOUD-ONLY]|[CLOUD-ONLY]|[N/A]|[N/A]|[N/A]|[N/A]|[N/A]|[N/A]|[N/A]|[N/A]
15620|Warhammer 40,000: Dawn of War II|Dawn of War 2|~/.local/share/feral-interactive/Dawn of War II/VFS/User/AppData/Roaming/My Games/Dawn of War 2/Saved Games|Saved Games|~/.local/share/feral-interactive/Dawn of War II/VFS/User/AppData/Roaming/My Games/Dawn of War 2|Dawn of War 2|[N/A]|[N/A]|[N/A]|[N/A]|[N/A]|[N/A]|[N/A]|[N/A]
204180|Waveform|Waveform|~/.local/share/Waveform|Waveform|~/.local/share/Waveform|Waveform|[N/A]|[N/A]|[N/A]|[N/A]|[N/A]|[N/A]|[N/A]|[N/A]
22000|World of Goo|World of Goo|~/.WorldOfGoo|.WorldOfGoo|~/.WorldOfGoo|.WorldOfGoo|[N/A]|[N/A]|[N/A]|[N/A]|[N/A]|[N/A]|[N/A]|[N/A]
7510|X-Blades|X-Blades|[UNKNOWN]|[UNKNOWN]|[UNKNOWN]|[UNKNOWN]|[N/A]|[N/A]|[N/A]|[N/A]|[N/A]|[N/A]|[N/A]|[N/A]
2810|X3: Reunion|X3 - Reunion|~/.config/EgoSoft/X3/save|save|~/.config/EgoSoft/X3/save|X3|[N/A]|[N/A]|[N/A]|[N/A]|[N/A]|[N/A]|[N/A]|[N/A]
2820|X3: Terran Conflict|X3 Terran Conflict |~/.config/Egosoft/X3TC/save|save|~/.config/EgoSoft/X3TC/config.yaml|X3TC|~/.config/EgoSoft/X3AP/saves|saves|~/.config/EgoSoft/X3AP/config.yaml|X3AP|[N/A]|[N/A]|[N/A]|[N/A]
286100|You Have To Win The Game|You Have to Win the Game|[UNKNOWN]|[UNKNOWN]|[UNKNOWN]|[UNKNOWN]|[N/A]|[N/A]|[N/A]|[N/A]|[N/A]|[N/A]|[N/A]|[N/A]
